<?xml version="1.0" encoding="UTF-8"?>
<!DOCTYPE mapper PUBLIC "-//mybatis.org//DTD Mapper 3.0//EN" "http://mybatis.org/dtd/mybatis-3-mapper.dtd">
<mapper namespace="com.jz.xdkjoa.mapper.pmanagement.JobMapper">
    <select id="showJobByName" resultType="com.jz.xdkjoa.pojo.pmanagement.Job">
        select * from job where post_name=#{post_name}
    </select>

    <select id="showJob" resultType="com.jz.xdkjoa.pojo.pmanagement.Job">
        select * from job
    </select>

    <insert id="addJob" parameterType="com.jz.xdkjoa.pojo.pmanagement.Job">
        insert into job(post_num,post_name,post_type,post_level,super_post,responsibilities,entry_requirement,post_overview,vacation)
        values(#{post_num},#{post_name},#{post_type},#{post_level},#{super_post},#{responsibilities},#{entry_requirement},#{post_overview},#{vacation})
    </insert>

    <update id="updateJob" parameterType="com.jz.xdkjoa.pojo.pmanagement.Job">
        update job set post_num=#{post_num},post_name=#{post_name},post_type=#{post_type},post_level=#{post_level},super_post=#{super_post},responsibilities=#{responsibilities},entry_requirement=#{entry_requirement},post_overview=#{post_overview},vacation=#{vacation}
        where post_num=#{post_num}
    </update>

    <delete id="delJob">
        delete from job where post_num=#{post_num}
    </delete>

</mapper>