<?xml version="1.0" encoding="UTF-8"?>
<!DOCTYPE mapper PUBLIC "-//mybatis.org//DTD Mapper 3.0//EN" "http://mybatis.org/dtd/mybatis-3-mapper.dtd" >
<mapper namespace="com.jz.xdkjoa.mapper.pmanagement.StaffMapper">

    <resultMap id="MyDifStaff" type="com.jz.xdkjoa.pojo.pmanagement.Staff">
        <id column="job_num" property="job_num"/>
        <result column="staff_name" property="staff_name"/>
        <result column="account" property="account"/>
        <result column="staff_password" property="staff_password"/>
        <result column="staff_type" property="staff_type"/>
        <result column="gender" property="gender"/>
        <result column="nationality" property="nationality"/>
        <result column="nation" property="nation"/>
        <result column="identity_num" property="identity_num"/>
        <result column="birthday" property="birthday"/>
        <result column="native_place" property="native_place"/>
        <result column="politics_statues" property="politics_statues"/>
        <result column="email" property="email"/>
        <result column="in_office" property="in_office"/>
        <result column="service_length" property="service_length"/>
        <result column="staff_tel" property="staff_tel"/>
        <result column="post_num" property="post_num"/>
        <result column="depart_num" property="depart_num"/>
        <result column="staff_image" property="staff_image"/>

        <result column="depart_name" property="department.depart_name"/>
        <result column="post_name" property="job.post_name"/>
    </resultMap>

    <select id="showStaffs"  resultMap="MyDifStaff">
        SELECT s.*,d.*,j.* from staff s,department d,job j
        WHERE s.depart_num=d.depart_num AND s.post_num=j.post_num
    </select>

    <select id="showStaffByDept" resultMap="MyDifStaff">
        SELECT s.*,d.*,j.* from staff s,department d,job j
        WHERE s.depart_num=d.depart_num AND s.post_num=j.post_num AND d.depart_name=#{depart_name}
    </select>

    <select id="showStaffById" resultMap="MyDifStaff">
        SELECT s.*,d.*,j.* from staff s,department d,job j
        WHERE s.depart_num=d.depart_num AND s.post_num=j.post_num AND job_num=#{job_num}
    </select>

    <select id="showStaffByName" resultMap="MyDifStaff">
        SELECT s.*,d.*,j.* from staff s,department d,job j
        <where>
            <if test="staff_name !=null and '' !=staff_name">
                and staff_name like #{staff_name}
            </if>
            <if test="depart_num !=null">
                and d.depart_num=#{depart_num}
            </if>
            <if test="1==1">
                and s.depart_num=d.depart_num and s.post_num=j.post_num
            </if>
        </where>
    </select>

    <insert id="addStaff" parameterType="com.jz.xdkjoa.pojo.pmanagement.Staff">
        insert into staff(job_num,depart_num,post_num,staff_name,account,staff_password,staff_type,gender,nationality,nation,identity_num,birthday,native_place,politics_statues,email,in_office,service_length,staff_tel,staff_image)
        values(#{job_num},#{depart_num},#{post_num},#{staff_name},#{account},#{staff_password},#{staff_type},#{gender},#{nationality},#{nation},#{identity_num},#{birthday},#{native_place},#{politics_statues},#{email},#{in_office},#{service_length},#{staff_tel},#{staff_image})
    </insert>

    <update id="updateStaff" parameterType="com.jz.xdkjoa.pojo.pmanagement.Staff">
        update staff set depart_num=#{depart_num},post_num=#{post_num},staff_name=#{staff_name},account=#{account},staff_password=#{staff_password},staff_type=#{staff_type},gender=#{gender},nationality=#{nationality},nation=#{nation},identity_num=#{identity_num},birthday=#{birthday},politics_statues=#{politics_statues},email=#{email},in_office=#{in_office},service_length=#{service_length},staff_tel=#{staff_tel}
        where job_num=#{job_num}
    </update>

    <delete id="delStaff">
        delete from staff where job_num=#{job_num}
    </delete>

    <select id="validateStaff" resultType="com.jz.xdkjoa.pojo.pmanagement.Staff" parameterType="String">
        select * from staff where account=#{account}
    </select>

    <update id="saveImage">
        update staff set image=#{image}
        where job_num=#{job_num}
    </update>

    <select id="findStaffByDepartment" resultType="com.jz.xdkjoa.pojo.pmanagement.Staff">
        select  * from staff where depart_num=#{depart_num}
    </select>
</mapper>