<?xml version="1.0" encoding="UTF-8"?>
<!DOCTYPE mapper PUBLIC "-//mybatis.org//DTD Mapper 3.0//EN" "http://mybatis.org/dtd/mybatis-3-mapper.dtd" >
<mapper namespace="com.jz.xdkjoa.mapper.poffice.InformMapper" >
    <!--配置两表返回数据集-->
    <resultMap id="MyInform" type="com.jz.xdkjoa.pojo.poffice.Inform">
        <!--主键用id-->
        <id column="news_id" property="news_id"/>
        <result column="inform_type_name" property="inform_type_name"/>
        <result column="inform_des" property="inform_des"/>
        <result column="inform_state" property="inform_state"/>
        <result column="job_num" property="staff.job_num"/>


        <result column="staff_name" property="staff.staff_name"/>
    </resultMap>

    <select id="showInformByState" resultMap="MyInform">
        select i.*,s.* from inform i,staff s
        where i.job_num=#{job_num} and i.inform_state=#{inform_state} and i.inform_type_name=#{inform_type_name} and i.job_num=s.job_num
    </select>

    <update id="updateInform" parameterType="com.jz.xdkjoa.pojo.poffice.Inform">
            update inform set inform_state=#{inform_state} where news_id=#{news_id}
    </update>

    <delete id="delInform" parameterType="int">
        delete from inform where news_id=#{news_id}
    </delete>

    <insert id="addInfrom" parameterType="com.jz.xdkjoa.pojo.poffice.Inform" >
        insert into inform(job_num,inform_type_name,inform_des,inform_state,inform_receive_date,inform_concrete_des)
        values (#{job_num},#{inform_type_name},#{inform_des},#{inform_state},#{inform_receive_date},#{inform_concrete_des})
    </insert>
</mapper>