<?xml version="1.0" encoding="UTF-8"?>
<!DOCTYPE mapper PUBLIC "-//mybatis.org//DTD Mapper 3.0//EN" "http://mybatis.org/dtd/mybatis-3-mapper.dtd" >
<mapper namespace="com.jz.xdkjoa.mapper.poffice.PersonalScheduleMapper">
    <!--配置两表返回数据集-->
    <resultMap id="MySchedule" type="com.jz.xdkjoa.pojo.poffice.PersonalSchedule">
        <!--主键用id-->
        <id column="schedule_id" property="schedule_id"/>
        <result column="schedule_name" property="schedule_name"/>
        <result column="schedule_type" property="schedule_type"/>
        <result column="start_time" property="start_time"/>
        <result column="schedule_date" property="schedule_date"/>
        <result column="ask_endtime" property="ask_endtime"/>
        <result column="fact_endtime" property="fact_endtime"/>
        <result column="schedule_content" property="schedule_content"/>
        <result column="concrete_schedulecontent" property="concrete_schedulecontent"/>
        <result column="delay" property="delay"/>
        <result column="process" property="process"/>
        <result column="schedule_state" property="schedule_state"/>
        <result column="schedule_process" property="schedule_process"/>
        <result column="remind_type" property="remind_type"/>
        <result column="job_num" property="job_num"/>

        <result column="depart_num" property="staff.job_num"/>
        <result column="staff_name" property="staff.staff_name"/>
        <result column="depart_num" property="staff.depart_num"/>

    </resultMap>

    <resultMap id="MyNum" type="com.jz.xdkjoa.pojo.poffice.PersonalSchedule">
            <result column="schedule_num" property="businessCalendar.schedule_num"/>
            <result column="headline" property="businessCalendar.headline"/>
            <result column="business_describe" property="businessCalendar.business_describe"/>
            <result column="business_level" property="businessCalendar.business_level"/>
            <result column="start_time" property="businessCalendar.start_time"/>
            <result column="end_time" property="businessCalendar.end_time"/>
    </resultMap>

    <select id="showPersonalSchedule" resultMap="MySchedule">
        select p.*,s.* from personal_schedule p,staff s
        where p.job_num=#{job_num} and p.schedule_type=#{schedule_type} and p.job_num=s.job_num
    </select>

    <select id="showDepartNum" resultType="Integer">
          select depart_num from staff
        where job_num=#{job_num}
    </select>

    <select id="showBusinessCalendar" resultMap="MyNum">
        select * from business_calendar
        where depart_num=#{depart_num}
    </select>

    <select id="showBusinessSchedule" resultMap="MySchedule">
        select p.*,s.*,b.* from personal_schedule p,staff s,business_calendar b
        where p.job_num=#{job_num} and p.job_num=s.job_num and s.depart_num=b.depart_num
    </select>

    <insert id="addPersonalSchedule" parameterType="com.jz.xdkjoa.pojo.poffice.PersonalSchedule">
                insert into personal_schedule(schedule_name,schedule_type,start_time,schedule_date,ask_endtime,schedule_content,concrete_schedulecontent,job_num,process,schedule_state,schedule_process,remind_type)
                values(#{schedule_name},#{schedule_type},#{start_time},#{schedule_date},#{ask_endtime},#{schedule_content},#{concrete_schedulecontent},#{job_num},#{process},#{schedule_state},#{schedule_process},#{remind_type})
    </insert>

    <update id="updatePersonalSchedule" parameterType="com.jz.xdkjoa.pojo.poffice.PersonalSchedule">
            update personal_schedule set schedule_id=#{schedule_id},schedule_name=#{schedule_name},start_time=#{start_time},schedule_date=#{schedule_date},ask_endtime=#{ask_endtime},fact_endtime=#{fact_endtime},schedule_content=#{schedule_content},concrete_schedulecontent=#{concrete_schedulecontent},delay=#{delay},process=#{process},schedule_state=#{schedule_state},schedule_process=#{schedule_process} where schedule_id=#{schedule_id}
    </update>

    <delete id="delPersonalSchedule">
        delete from personal_schedule where schedule_id=#{schedule_id}
    </delete>
</mapper>