<?xml version="1.0" encoding="UTF-8"?>
<!DOCTYPE mapper PUBLIC "-//mybatis.org//DTD Mapper 3.0//EN" "http://mybatis.org/dtd/mybatis-3-mapper.dtd" >
<mapper namespace="com.jz.xdkjoa.mapper.logistics.CarMsgMapper">
    <select id="getCarMsgs" resultType="com.jz.xdkjoa.pojo.logistics.CarMsg">
        select * from car_msg
    </select>

    <select id="showByState" resultType="com.jz.xdkjoa.pojo.logistics.CarMsg">
        select *from car_msg where situation=#{situation}
    </select>

    <select id="showByCarNum" resultType="com.jz.xdkjoa.pojo.logistics.CarMsg">
        select *from car_msg where car_num=#{car_num}
    </select>

    <insert id="addCar" parameterType="com.jz.xdkjoa.pojo.logistics.CarMsg" >
        insert into car_msg(car_num,situation,department,car_model)
        values (#{car_num},#{situation},#{department},#{car_model})
    </insert>

    <update id="updateCarState" >
            update car_msg set situation='使用中'where car_num=#{car_num}
    </update>

</mapper>