<?xml version="1.0" encoding="UTF-8"?>
<!DOCTYPE mapper PUBLIC "-//mybatis.org//DTD Mapper 3.0//EN" "http://mybatis.org/dtd/mybatis-3-mapper.dtd" >
<mapper namespace="com.jz.xdkjoa.mapper.logistics.CarRecordMapper">
    <resultMap id="useCar" type="com.jz.xdkjoa.pojo.logistics.CarRecord">
        <id column="record_num" property="record_num"/>
        <result column="job_num" property="job_num"/>
        <result column="really_time" property="really_time"/>
        <result column="return_time" property="return_time"/>
        <result column="borrow_time" property="borrow_time"/>
        <result column="use_reason" property="use_reason"/>
        <result column="car_num" property="carMsg.car_num"/>

        <result column="situation" property="carMsg.situation"/>
        <result column="department" property="carMsg.department"/>
        <result column="car_model" property="carMsg.car_model"/>
    </resultMap>

    <select id="showAllCarRecord" resultMap="useCar">
        select p.*,s.* from car_msg p,car_record s
        where p.situation=#{situation}  and p.car_num=s.car_num
    </select>

    <select id="showByCarNumRecord" resultMap="useCar">
        select p.*,s.* from car_msg p,car_record s
        where p.car_num=s.car_num and p.car_num=#{car_num}
    </select>

    <insert id="addCarRecord" parameterType="com.jz.xdkjoa.pojo.logistics.CarRecord">
        insert into car_record(record_num,job_num,car_num,really_time,return_time,borrow_time,use_reason)
        values (#{record_num},#{job_num},#{car_num},#{really_time},#{return_time},#{borrow_time},#{use_reason})
    </insert>

    <delete id="delCarRecord" >
        delete from car_record where record_num=2
    </delete>


</mapper>