<?xml version="1.0" encoding="UTF-8"?>
<!DOCTYPE mapper PUBLIC "-//mybatis.org//DTD Mapper 3.0//EN" "http://mybatis.org/dtd/mybatis-3-mapper.dtd" >
<mapper namespace="com.jz.xdkjoa.mapper.logistics.RepairMapper">
    <insert id="addRepairRecord" parameterType="com.jz.xdkjoa.pojo.logistics.Repair">
        insert into repair(job_num,equipment_num,repair_type,repair_money,repair_description,take_date,repair_date)
        values (#{job_num},#{equipment_num},#{repair_type},#{repair_money},#{repair_description},#{take_date},#{repair_date})
    </insert>
    <delete id="delRepairRecord" >
        delete from repair where repair_num=#{repair_num}
    </delete>
    <select id="showRepairRecord" resultType="com.jz.xdkjoa.pojo.logistics.Repair">
        select *from repair
    </select>
    <update id="updateRepairRecord" parameterType="com.jz.xdkjoa.pojo.logistics.Repair">
            update repair set job_num=#{job_num},equipment_num=#{equipment_num},repair_type=#{repair_type},repair_money=#{repair_money},repair_description=#{repair_description},take_date=#{take_date},repair_date=#{repair_date} where repair_num=#{repair_num}
    </update>

</mapper>