<?xml version="1.0" encoding="UTF-8"?>
<!DOCTYPE mapper PUBLIC "-//mybatis.org//DTD Mapper 3.0//EN" "http://mybatis.org/dtd/mybatis-3-mapper.dtd" >
<mapper namespace="com.jz.xdkjoa.mapper.administration.BusinessCalendarMapper">

    <insert id="addHeadline" parameterType="com.jz.xdkjoa.pojo.administration.BusinessCalendar">
        insert into business_calendar(depart_num,headline,business_describe,business_level,start_time,end_time)
        values (#{depart_num},#{headline},#{business_describe},#{business_level},#{start_time},#{end_time})
    </insert>
<!--    <delete id="delCalendar" parameterType="com.jz.xdkjoa.pojo.administration.BusinessCalendar">-->
<!--        DELETE FROM business_calendar-->
<!--        WHERE schedule_num=#{schedule_num}-->
<!--    </delete>-->

    <select id="showBusinessCalendar" resultType="com.jz.xdkjoa.pojo.administration.BusinessCalendar">
        select *  from  business_calendar

    </select>
    <update id="updateCalendar" parameterType="com.jz.xdkjoa.pojo.administration.BusinessCalendar">
         update business_calendar set depart_num=#{depart_num},headline=#{headline},business_describe=#{business_describe},business_level=#{business_level},
         start_time=#{start_time},end_time=#{end_time} where schedule_num=#{schedule_num}
    </update>
</mapper>