<?xml version="1.0" encoding="UTF-8"?>
<!DOCTYPE mapper PUBLIC "-//mybatis.org//DTD Mapper 3.0//EN" "http://mybatis.org/dtd/mybatis-3-mapper.dtd" >
<mapper namespace="com.jz.xdkjoa.mapper.administration.ContractFormMapper">
    <insert id="addContract" parameterType="com.jz.xdkjoa.pojo.administration.ContractForm">
        insert into contract_form(contract_num,job_num,contractheadline,firstparty,secondparty,signdate,reward,contractstate)
        values (#{contract_num},#{job_num},#{contractheadline},#{firstparty},#{secondparty},#{signdate},#{reward},#{contractstate})
    </insert>

    <select id="findContract" resultMap="MyDifContract">
    select c.*,s.* from contract_form c,staff s
    where c.job_num=s.job_num and  c.contractstate=#{contractstate}
    </select>

    <resultMap id="MyDifContract" type="com.jz.xdkjoa.pojo.administration.ContractForm">
        <id column="contract_num" property="contract_num"/>
        <result column="contractheadline" property="contractheadline"/>
        <result column="firstparty" property="firstparty"/>
        <result column="secondparty" property="secondparty"/>
        <result column="signdate" property="signdate"/>
        <result column="contractstate" property="contractstate"/>
        <result column="reward" property="reward"/>
        <result column="job_num" property="job_num"/>
        <result column="staff_name" property="staff.staff_name"/>
    </resultMap>


    <select id="showContract" resultMap="MyDifContract">
    select c.*,s.* from contract_form c,staff s
    where c.job_num=s.job_num
    </select>
</mapper>